{
  "mse": 6.285389625332513,
  "r2": 0.9150970583310212
}